,0
E1vSi,100.0
H4.10,100.0
U4i,100.0
E1viJi,100.0
P16i,100.0
H4.11,100.0
P15i,100.0
H4.32,100.0
H4.13,100.0
H4.3,100.0
E1viLi,100.0
H4.1,100.0
E1iiiMi,100.0
E1vMi,100.0
B3Di.4,100.0
H3.99,100.0
E1iiiQi,100.0
H4.4,100.0
H4.21,100.0
E1viNi,100.0
Q8i,100.0
H4.23,100.0
H4.25,100.0
H4.26,100.0
H4.28,100.0
P9i,100.0
B3Di.6,100.0
G3a,100.0
H4.7,100.0
B3Di.8,100.0
H4.31,100.0
I8Ai,100.0
E1viSi,100.0
G1B8a,100.0
T6i,100.0
H4.8,100.0
E1vNi,100.0
E1viMi,100.0
H4.33,100.0
G1A6a,100.0
E1viOi,100.0
M11Ai,100.0
H3.98,100.0
G1A8a,100.0
K5v,100.0
H4.38,100.0
G1B6a,100.0
E1vOi,100.0
E1ivPi,100.0
E1vPi,100.0
E1viPi,100.0
G1A68__15,100.0
G1A68__16,100.0
G1A68__17,100.0
H4.18,100.0
G8i,100.0
H4.12,100.0
B3Fi,100.0
G1B1a,100.0
R2Ei,100.0
E1iiiOi,100.0
G1B4a,100.0
E1ivOi,100.0
L3i,100.0
H3.28,99.99545949872865
H3.31,99.99545949872865
H2.26,99.99545949872865
H2.7,99.99545949872865
H3.10,99.99545949872865
F2Ci,99.99545949872865
H3.7,99.99545949872865
H4.20,99.99545949872865
H4.22,99.99545949872865
H3.11,99.99545949872865
H3.26,99.99545949872865
H4.17,99.99545949872865
H2.10,99.99545949872865
H2.11,99.99545949872865
H2.31,99.99545949872865
H2.18,99.99545949872865
H2.21,99.99545949872865
H2.99,99.99545949872865
H2.28,99.99545949872865
H3.18,99.99545949872865
H3.21,99.99545949872865
H4.34,99.99545949872865
G1A68__7,99.99545949872865
H4.37,99.99545949872865
E1viKi,99.99545949872865
E1viQi,99.99545949872865
E1vJi,99.99545949872865
E1vQi,99.99545949872865
G1A68__8,99.99545949872865
Q7i,99.99545949872865
G1A68__2,99.99545949872865
H4.99,99.99545949872865
E1vLi,99.99545949872865
G1A68__12,99.99545949872865
G1B5a,99.99545949872865
H13Ai,99.99545949872865
B3E.8,99.99545949872865
H4.14,99.99545949872865
E1viiO,99.99091899745733
E1viO,99.99091899745733
E1vO,99.99091899745733
B3Di.5,99.99091899745733
E1viiiO,99.99091899745733
E1ivO,99.99091899745733
E1ixO,99.99091899745733
E1xO,99.99091899745733
H4.36,99.99091899745733
G1A68__13,99.99091899745733
E1iiiPi,99.99091899745733
C1_47b,99.99091899745733
H3.13,99.99091899745733
E1iO,99.99091899745733
E1iiiO,99.99091899745733
H8i,99.99091899745733
H3.1,99.99091899745733
E1iiiKi,99.99091899745733
H2.1,99.99091899745733
E1iiiSi,99.99091899745733
T7i,99.99091899745733
H2.13,99.99091899745733
R2Diia,99.99091899745733
E1iiO,99.99091899745733
I8Bi,99.99091899745733
B3Di.7,99.99091899745733
G1B3a,99.99091899745733
H3.33,99.98637849618598
N5i,99.98637849618598
J8Ai,99.98637849618598
C1_47c,99.98637849618598
Q4i,99.98637849618598
B3Di.3,99.98637849618598
N2__13,99.98637849618598
E2__14,99.98637849618598
E1vKi,99.98637849618598
R3C__3b,99.98637849618598
G1A68__14,99.98637849618598
G1A4a,99.98637849618598
G1A5a,99.98637849618598
E1iiiLi,99.98637849618598
H2.33,99.98637849618598
H3.32,99.98183799491464
H11i,99.98183799491464
B3Di.9,99.98183799491464
B3Di.2,99.98183799491464
K18i,99.98183799491464
H2.32,99.98183799491464
H2.38,99.98183799491464
G1A68__4,99.98183799491464
H3.38,99.98183799491464
H4.29,99.98183799491464
E3__18,99.9772974936433
E1iiiJi,99.9772974936433
B1EF99,99.9772974936433
B3E.7,99.9772974936433
K2__15,99.9772974936433
K2__17,99.9772974936433
E2F__15,99.9772974936433
G7i,99.9772974936433
H2.25,99.9772974936433
D1i__19,99.9772974936433
H4.2,99.9772974936433
G1B2a,99.9772974936433
D1i__18,99.9772974936433
H3.25,99.9772974936433
K5vi,99.97275699237196
G1B6,99.97275699237196
D2_4,99.97275699237196
K9i,99.97275699237196
K4i,99.97275699237196
E2F__16,99.97275699237196
N7i,99.96821649110062
H4.98,99.96821649110062
S3i,99.96821649110062
H2.98,99.96821649110062
F2C__6,99.96821649110062
H2.23,99.96821649110062
F2C__4,99.96821649110062
F2C__3,99.96821649110062
F2C__2,99.96821649110062
F2C__1,99.96821649110062
P11a,99.96821649110062
E2Di,99.96821649110062
F2C__5,99.96821649110062
K16__9,99.96821649110062
H3.23,99.96821649110062
I5i,99.96367598982928
E1xE,99.96367598982928
T1i,99.96367598982928
E1viiP,99.96367598982928
N10i,99.96367598982928
P5__18,99.95913548855793
E1iP,99.95913548855793
G1A68__5,99.95913548855793
E1xP,99.95913548855793
E3__19,99.95913548855793
H3.4,99.95913548855793
K11i,99.95913548855793
H2.4,99.95913548855793
R1Di,99.9545949872866
P8i,99.9545949872866
H3.3,99.9545949872866
R3Di,99.9545949872866
H4.16,99.9545949872866
H2.3,99.9545949872866
B3Di.1,99.9545949872866
G1A68__9,99.9545949872866
M3i,99.95005448601526
P1_1i,99.94551398474391
J5a,99.94551398474391
D5__13,99.94551398474391
H3.14,99.94551398474391
E1iiP,99.94551398474391
H2.14,99.94551398474391
H2.36,99.94097348347258
E1iiiNi,99.94097348347258
H3.36,99.94097348347258
H2.20,99.93643298220124
K5iv,99.93643298220124
H3.20,99.93643298220124
B3H7,99.93643298220124
F2D__14,99.93643298220124
M11Bi,99.93643298220124
R1Ciia,99.93189248092989
N11i,99.93189248092989
H2.17,99.93189248092989
H2.8,99.93189248092989
H3.8,99.93189248092989
H3.17,99.93189248092989
E1xD,99.92735197965855
H4.9,99.92735197965855
R2Fi,99.92735197965855
E3__16,99.92735197965855
K16i,99.91827097711588
K2__16,99.91827097711588
D2_2,99.91827097711588
H2.22,99.91373047584453
E1xS,99.91373047584453
B3E.5,99.91373047584453
H3.22,99.91373047584453
G1A1a,99.91373047584453
A21i,99.9091899745732
B3H8,99.90464947330186
E1viiiP,99.90010897203051
E1iiiP,99.90010897203051
E1xQ,99.90010897203051
E1ivP,99.90010897203051
E1ixP,99.90010897203051
E1viP,99.90010897203051
G1A2a,99.90010897203051
G1B7a,99.90010897203051
T2i,99.90010897203051
E1vP,99.90010897203051
Q2a__20,99.90010897203051
D2_3,99.89556847075917
H3.37,99.89556847075917
F2D__13,99.89556847075917
D2_9,99.89556847075917
H2.37,99.89556847075917
S4i,99.89556847075917
D1i__16,99.89102796948784
E1iQ,99.88648746821649
Q10i,99.88648746821649
P5__16,99.88648746821649
O3i,99.88648746821649
E1viiQ,99.88194696694515
R2Dia,99.88194696694515
M9__2,99.87740646567381
E3__17,99.87740646567381
M9__4,99.87740646567381
M9__1,99.87740646567381
E1viiAS,99.87740646567381
M9__5,99.87740646567381
C1_47a,99.87740646567381
M9__3,99.87740646567381
T3i,99.86832546313113
H2.34,99.86832546313113
H3.34,99.86832546313113
Q2a__18,99.86832546313113
E1viS,99.86378496185979
I8A__4,99.86378496185979
E1viiiS,99.86378496185979
E1vS,99.86378496185979
G1B8,99.86378496185979
E1ixS,99.86378496185979
I9,99.86378496185979
I8A__1,99.86378496185979
I8A__3,99.86378496185979
I8A__5,99.86378496185979
I8A__6,99.86378496185979
I8A__2,99.86378496185979
E1iiiS,99.86378496185979
N4i,99.86378496185979
I8A__7,99.86378496185979
I8A__99,99.86378496185979
I8A__98,99.86378496185979
T8i,99.85924446058844
P2iva,99.85924446058844
G1A68__6,99.85924446058844
H2.12,99.85924446058844
H3.12,99.85924446058844
G1A68__11,99.8547039593171
D1B__14,99.8547039593171
E1vQ,99.85016345804577
E1viQ,99.85016345804577
E1iiQ,99.85016345804577
N2__15,99.85016345804577
E1iiiQ,99.85016345804577
E1ixQ,99.85016345804577
E1viiiQ,99.85016345804577
K2__14,99.83654195423175
G12i,99.83200145296041
F1Bi_a,99.82292045041773
K14i,99.81837994914639
G1A68__1,99.81383944787504
H4.24,99.81383944787504
K22i,99.81383944787504
R3C__3a,99.81383944787504
G1A7a,99.80475844533237
Q2a__19,99.80021794406102
H13Bi,99.80021794406102
E1iJ,99.79113694151835
E1iiiRi,99.79113694151835
B3D__5.7,99.786596440247
D1Bi,99.786596440247
B3D__7.7,99.786596440247
B3D__1.7,99.786596440247
B3D__8.7,99.786596440247
B3D__3.7,99.786596440247
B3D__2.7,99.786596440247
B3D__6.7,99.786596440247
B3D__4.7,99.786596440247
B3D__98.7,99.786596440247
Q1i,99.77751543770432
D1i__14,99.77297493643297
O4i,99.75935343261895
E2__13,99.75481293134763
H4.30,99.75481293134763
F2__14,99.74573192880494
R1Cia,99.73211042499092
B3E.6,99.72756992371959
P7i,99.72756992371959
T4i,99.7184889211769
H11__6,99.70940791863421
H11__98,99.70940791863421
H11__4,99.70940791863421
H11__5,99.70940791863421
H11__3,99.70940791863421
H11__1,99.70940791863421
H11__2,99.70940791863421
H11__99,99.70940791863421
D1i__17,99.69124591354885
F2Bi,99.68216491100618
P1_1__6,99.66854340719216
N2__14,99.66854340719216
P1_1__1,99.66854340719216
P1_1__2,99.66854340719216
P1_1__5,99.66854340719216
P1_1__4,99.66854340719216
P1_1__3,99.66854340719216
P1_1__7,99.66854340719216
D2_8,99.66854340719216
H4.15,99.65946240464947
D2_7,99.65492190337814
E1xH,99.62313839447874
F2i,99.60043588812205
B1EF11,99.58681438430803
E1iE,99.58227388303669
G1A9__19,99.57773338176534
G1B9a,99.56865237922267
D1C__15,99.56411187795132
R3Ei,99.55957137667998
E1ivE,99.54594987286598
E1iiE,99.54594987286598
E1vE,99.54594987286598
E1viE,99.54594987286598
E1viiE,99.54594987286598
E1viiiE,99.54594987286598
E1ixE,99.54594987286598
E1iiiE,99.54594987286598
E1xF,99.54140937159463
E2F__14,99.53686887032327
B3E.2,99.53232836905195
F2Di,99.51416636396658
N6i,99.51416636396658
G1A68__10,99.51416636396658
E1iH,99.50508536142391
R3GI,99.49600435888122
E1xM,99.49600435888122
E1viiiH,99.4823828550672
E1ivH,99.4823828550672
E1ixH,99.4823828550672
E1vH,99.4823828550672
E1viiH,99.4823828550672
E1iiH,99.4823828550672
G1A3__19,99.4823828550672
E1viH,99.4823828550672
E1iiiH,99.4823828550672
E1viiM,99.47330185252451
E1viM,99.46876135125318
E1vM,99.46876135125318
E1viiiM,99.46876135125318
E1iiiM,99.46876135125318
E1ixM,99.46876135125318
T9i,99.45513984743916
G1A3a,99.45513984743916
neither_cash_nor_anyother,99.4505993461678
H2.2,99.44151834362513
H3.2,99.44151834362513
E1iD,99.42789683981111
D3__28,99.41881583726844
E2Fi,99.40973483472575
E1viiD,99.40519433345442
I1i,99.40065383218307
E1viD,99.3915728296404
E1iiD,99.3915728296404
E1ixD,99.3915728296404
E1viiiD,99.3915728296404
E1vD,99.3915728296404
E1ivD,99.3915728296404
E1iiiD,99.3915728296404
B3D__2.8,99.38249182709771
B3D__98.8,99.38249182709771
B3D__8.8,99.38249182709771
B3D__7.8,99.38249182709771
B3D__6.8,99.38249182709771
B3D__4.8,99.38249182709771
B3D__1.8,99.38249182709771
B3D__5.8,99.38249182709771
B3D__3.8,99.38249182709771
H2.29,99.37341082455504
H3.29,99.37341082455504
G7,99.36432982201235
G4,99.36432982201235
G6,99.36432982201235
G3__1,99.36432982201235
G3__0,99.36432982201235
G5,99.36432982201235
B1EF98,99.35524881946967
B1EF9,99.35070831819833
K21i,99.32346531057028
O5i,99.30984380675628
B3D__2.6,99.29622230294225
B3D__4.6,99.29622230294225
B3D__98.6,99.29622230294225
B3D__3.6,99.29622230294225
B3D__8.6,99.29622230294225
B3D__6.6,99.29622230294225
B3D__7.6,99.29622230294225
B3D__1.6,99.29622230294225
B3D__5.6,99.29622230294225
E1_3,99.28260079912823
H7i,99.27806029785688
K2_i,99.27806029785688
D1C__14,99.27351979658555
P5i,99.25535779150017
P6i,99.25081729022884
J8A__2,99.2462767889575
H1Bi,99.2462767889575
J8A__99,99.2462767889575
J8A__98,99.2462767889575
J8A__7,99.2462767889575
J8A__6,99.2462767889575
J8A__5,99.2462767889575
J8A__4,99.2462767889575
J8A__3,99.2462767889575
J8A__1,99.2462767889575
J9,99.2462767889575
U21i,99.23719578641482
G1B3,99.16000726480203
J1__17,99.1554667635307
E1iG,99.13276425717399
E1iiiG,99.13276425717399
E1vG,99.13276425717399
E1ixG,99.13276425717399
E1xG,99.13276425717399
E1iiG,99.13276425717399
E1viG,99.13276425717399
E1viiiG,99.13276425717399
E1viiG,99.13276425717399
R2Ci,99.02833272793316
H2.16,99.00563022157645
H3.16,99.00563022157645
Q2ai,98.96930621140574
M11A__6,98.94206320377769
M11A__7,98.94206320377769
M11A__5,98.94206320377769
M11A__4,98.94206320377769
M11A__99,98.94206320377769
M11A__3,98.94206320377769
M11A__98,98.94206320377769
M11A__1,98.94206320377769
M12,98.94206320377769
M11A__2,98.94206320377769
D1iib,98.92844169996367
D3__27,98.91482019614966
F3i,98.90573919360698
D1i__15,98.88303668725027
P2iiia,98.86941518343625
E1xJ,98.80584816563749
E1iiJ,98.78768616055213
E2Ei,98.77860515800944
K5ii,98.73774064656739
N2i,98.72411914275337
P2iia,98.705957137668
BothNHIF_medical,98.70141663639666
I8B__99,98.65601162368326
I8B__98,98.65601162368326
I8B__7,98.65601162368326
I8B__6,98.65601162368326
I8B__5,98.65601162368326
I8B__4,98.65601162368326
I8B__3,98.65601162368326
I8B__2,98.65601162368326
I8B__1,98.65601162368326
T5i,98.53341808935706
mfi_amfi,98.52433708681438
I1,98.52433708681438
I7,98.51979658554303
I6__4,98.51979658554303
I6__1,98.51979658554303
I2ii,98.51979658554303
I3,98.51979658554303
I5,98.51979658554303
I2i,98.51979658554303
I4,98.51979658554303
I6__5,98.51979658554303
I6__2,98.51979658554303
I6__3,98.51979658554303
K17,98.51525608427171
E1viiJ,98.51071558300036
U2i,98.48801307664367
E1ixJ,98.48347257537232
E1viJ,98.48347257537232
E1viiiJ,98.48347257537232
E1vJ,98.48347257537232
E1iiiJ,98.48347257537232
E1iL,98.46531057028696
E1iiL,98.43352706138758
R2Dii,98.43352706138758
K18,98.41082455503087
non_dts_usage,98.40628405375953
K5iii,98.37450054486015
E1viiL,98.34725753723211
L2__4,98.34271703596077
L2__5,98.34271703596077
L1__4,98.34271703596077
L1__7,98.34271703596077
L3__1,98.34271703596077
L1__8,98.34271703596077
L1__3,98.34271703596077
L1__6,98.34271703596077
L3__2,98.34271703596077
L1__1,98.34271703596077
L1__5,98.34271703596077
L1__2,98.34271703596077
L2__1,98.34271703596077
L3__3,98.34271703596077
L3__4,98.34271703596077
L3__5,98.34271703596077
L3__6,98.34271703596077
L3__7,98.34271703596077
L3__8,98.34271703596077
L2__6,98.34271703596077
L2__2,98.34271703596077
L3__98,98.34271703596077
L3__99,98.34271703596077
L2__3,98.34271703596077
L2__8,98.34271703596077
L2__7,98.34271703596077
E1xL,98.33363603341809
E1ixL,98.33363603341809
E1iiiL,98.33363603341809
E1vL,98.33363603341809
E1viL,98.33363603341809
E1viiiL,98.33363603341809
Q10,98.28369051943334
P9,98.27460951689066
H14,98.22466400290593
H13A__2,98.22012350163459
M8Service_system_failure,98.22012350163459
H13A__99,98.22012350163459
H13A__98,98.22012350163459
H13A__6,98.22012350163459
H13A__1,98.22012350163459
H13A__5,98.22012350163459
H13A__4,98.22012350163459
M8Security,98.22012350163459
M8Transparency,98.22012350163459
H13A__3,98.22012350163459
M8Other,98.22012350163459
J2a,98.20196149654922
N10__1,98.06120595713766
N10__99,98.06120595713766
N10__98,98.06120595713766
N10__6,98.06120595713766
N10__5,98.06120595713766
N10__3,98.06120595713766
N10__2,98.06120595713766
N10__4,98.06120595713766
G1A68__3,98.04758445332365
R3Bi,97.96585543043952
Medical_Insurance_ONLY,97.87958590628405
G1A9__20,97.82055938975664
F2B,97.78423537958591
B3D__6.5,97.72974936432982
B3D__98.5,97.72974936432982
B3D__2.5,97.72974936432982
B3D__3.5,97.72974936432982
B3D__4.5,97.72974936432982
B3D__8.5,97.72974936432982
B3D__5.5,97.72974936432982
B3D__7.5,97.72974936432982
B3D__1.5,97.72974936432982
D2_1,97.68434435161642
E1iN,97.67526334907373
E1iiN,97.62077733381766
E1xN,97.6162368325463
E1ixN,97.60261532873228
E1iiiN,97.60261532873228
E1vN,97.60261532873228
E1viiiN,97.60261532873228
E1viN,97.60261532873228
E1viiN,97.60261532873228
G9,97.57991282237559
G11,97.56175081729023
G12,97.55266981474755
G10,97.55266981474755
G8__2,97.55266981474755
G8__3,97.55266981474755
G8__1,97.55266981474755
G8__0,97.55266981474755
T7,97.49364329822012
T6,97.49364329822012
H10Service_system_failure,97.3892117689793
H10Security,97.3892117689793
H10Transparency,97.3892117689793
H10Other,97.3892117689793
B3E.4,97.38467126770796
B3E.3,97.36650926262259
E1xA,97.36196876135126
K6,97.30748274609516
G1A9a,97.28023973846712
R3Ci,97.25753723211042
E1viiA,97.25299673083909
D9,97.22575372321104
H9i,97.22575372321104
E1vA,97.18942971304033
E1ivA,97.18942971304033
E1iiiA,97.18942971304033
E1iiA,97.18942971304033
E1iA,97.18942971304033
E1viA,97.18942971304033
E1viiiA,97.18942971304033
E1ixA,97.18942971304033
B3H5,97.18488921176898
B3H6,97.18488921176898
B3H4,97.18488921176898
B3H1,97.18488921176898
B3H3,97.18488921176898
B3H2,97.18488921176898
B3D__3.2,97.1758082092263
B3D__6.2,97.1758082092263
B3D__2.2,97.1758082092263
B3D__98.2,97.1758082092263
B3D__4.2,97.1758082092263
B3D__5.2,97.1758082092263
B3D__8.2,97.1758082092263
B3D__1.2,97.1758082092263
B3D__7.2,97.1758082092263
D1i_i,96.92608063930258
M2i,96.66273156556484
D2_6,96.6581910642935
E1xC,96.6581910642935
B3E.1,96.62640755539411
C2_9,96.61278605158009
E1viiC,96.56284053759535
E1ixC,96.52197602615328
E1viiiC,96.52197602615328
E1viC,96.52197602615328
E1vC,96.52197602615328
E1ivC,96.52197602615328
E1iiiC,96.52197602615328
E1iiC,96.52197602615328
E1iC,96.52197602615328
U20i,96.27224845622958
M4,95.96803487104977
H3.9,95.45949872865964
H2.9,95.45949872865964
D1B__9,95.28241917907737
D1B__12,95.28241917907737
D1B__11,95.28241917907737
D1B__10,95.28241917907737
D1B__4,95.28241917907737
D1B__7,95.28241917907737
D1B__6,95.28241917907737
D1B__5,95.28241917907737
D1B__99,95.28241917907737
D1B__1,95.28241917907737
D1B__98,95.28241917907737
D1B__8,95.28241917907737
D1B__2,95.28241917907737
D1B__3,95.28241917907737
Q8,94.62404649473302
E1_2,94.32891391209589
H3.30,94.21086087904105
H2.30,94.21086087904105
C2_12,93.87940428623321
B3E.9,93.82945877224846
P11,93.71140573919361
C2_13,93.5751907010534
R2F,93.34816563748637
C2_10,93.31184162731564
B3D__7.4,93.1483835815474
B3D__98.4,93.1483835815474
B3D__5.4,93.1483835815474
B3D__4.4,93.1483835815474
B3D__3.4,93.1483835815474
B3D__2.4,93.1483835815474
B3D__8.4,93.1483835815474
B3D__1.4,93.1483835815474
B3D__6.4,93.1483835815474
E3B__6,92.97584453323647
E3B__2,92.97584453323647
E3B__1,92.97584453323647
E3B__3,92.97584453323647
E3B__4,92.97584453323647
E3B__5,92.97584453323647
G1B9,92.89865601162369
K20,92.75790047221213
A15i,92.62622593534327
H3.24,92.55811841627316
H2.24,92.55811841627316
E1xB,92.24482382855066
dts_usage_1,92.24028332727933
D1ii,92.05412277515438
E1iiF,91.81347620777333
E1iF,91.63639665819106
E1viiF,91.58191064293499
E1viF,91.53650563022157
E1ivF,91.53650563022157
E1iiiF,91.53650563022157
E1ixF,91.53650563022157
E1viiiF,91.53650563022157
E1vF,91.53650563022157
J8B__2,91.4820196149655
J8B__3,91.4820196149655
J8B__6,91.4820196149655
J8B__4,91.4820196149655
J8B__5,91.4820196149655
J8B__1,91.4820196149655
J8B__99,91.4820196149655
J8B__98,91.4820196149655
J8B__7,91.4820196149655
P18,91.08245550308754
C2_2,90.99164547766073
D1iii,90.98256447511805
R3D,90.97348347257537
C2_3,90.95986196876134
E1iB,90.93715946240465
G1B2,90.8191064293498
E1viiB,90.75553941155104
E1iiB,90.73737740646567
E1iiiB,90.73283690519433
E1viiiB,90.73283690519433
E1ixB,90.73283690519433
E1vB,90.73283690519433
comp_noofloans,90.70105339629495
non_dts_usage_1,90.64656738103886
J2_1,90.64656738103886
J5__1,90.63748637849619
J5__2,90.63748637849619
J3,90.63748637849619
J5__3,90.63748637849619
J5__4,90.63748637849619
J4,90.63748637849619
J5__7,90.63748637849619
J7,90.63748637849619
J6__2,90.63748637849619
J6__1,90.63748637849619
J5__99,90.63748637849619
J6__4,90.63748637849619
J5__98,90.63748637849619
J6__5,90.63748637849619
J5__8,90.63748637849619
J6__3,90.63748637849619
J5__6,90.63748637849619
J5__5,90.63748637849619
H8,90.41046131492917
J1__16,89.90192517253904
B3G,89.8065746458409
noofloans,89.7838721394842
E3__2,89.77933163821285
E2__2,89.77933163821285
E3__14,89.77933163821285
E3__98,89.77933163821285
E3__1,89.77933163821285
E3__8,89.77933163821285
E2__3,89.77933163821285
E3__7,89.77933163821285
E2__4,89.77933163821285
E3__15,89.77933163821285
E2__5,89.77933163821285
E2__6,89.77933163821285
E2__7,89.77933163821285
E2__8,89.77933163821285
E2__9,89.77933163821285
E3__6,89.77933163821285
E3__13,89.77933163821285
E2__10,89.77933163821285
E2__11,89.77933163821285
E3__5,89.77933163821285
E3__9,89.77933163821285
E3__10,89.77933163821285
E3__11,89.77933163821285
E2__98,89.77933163821285
E3__3,89.77933163821285
E2__99,89.77933163821285
E3__99,89.77933163821285
E3__4,89.77933163821285
E2__1,89.77933163821285
E2__12,89.77933163821285
E3__12,89.77933163821285
H3.15,88.88939338903015
H2.15,88.88939338903015
B3D__2.3,88.04486015256084
B3D__3.3,88.04486015256084
B3D__8.3,88.04486015256084
B3D__4.3,88.04486015256084
B3D__1.3,88.04486015256084
B3D__6.3,88.04486015256084
B3D__5.3,88.04486015256084
B3D__7.3,88.04486015256084
B3D__98.3,88.04486015256084
J1a,87.18216491100618
A26__1,86.62368325463132
A26__2,86.62368325463132
A26__6,86.62368325463132
A26__4,86.62368325463132
A26__5,86.62368325463132
A26__3,86.62368325463132
N5__2,86.4647657101344
N5__99,86.4647657101344
N5__98,86.4647657101344
N5__6,86.4647657101344
N5__5,86.4647657101344
N5__4,86.4647657101344
N5__3,86.4647657101344
N5__1,86.4647657101344
B3D__1.9,85.98347257537232
B3D__2.9,85.98347257537232
B3D__3.9,85.98347257537232
B3D__4.9,85.98347257537232
B3D__5.9,85.98347257537232
B3D__6.9,85.98347257537232
B3D__7.9,85.98347257537232
B3D__8.9,85.98347257537232
B3D__98.9,85.98347257537232
E1xR,85.95622956774427
B1J,85.87450054486015
E1iiI,85.31601888848529
E1xI,85.24791136941519
E1iI,84.8892117689793
E1viiI,84.83926625499456
E1viiiI,84.82110424990918
E1viI,84.82110424990918
E1vI,84.82110424990918
E1iiiI,84.82110424990918
E1ixI,84.82110424990918
B3D__6.1,84.3715946240465
B3D__5.1,84.3715946240465
B3D__7.1,84.3715946240465
B3D__2.1,84.3715946240465
B3D__3.1,84.3715946240465
B3D__4.1,84.3715946240465
B3D__1.1,84.3715946240465
B3D__98.1,84.3715946240465
B3D__8.1,84.3715946240465
P16,84.15365056302215
U2,83.40900835452234
P4__5,83.21376679985471
P5__9,83.21376679985471
P5__10,83.21376679985471
P5__8,83.21376679985471
P5__11,83.21376679985471
P5__7,83.21376679985471
P5__6,83.21376679985471
P5__5,83.21376679985471
P5__4,83.21376679985471
P5__3,83.21376679985471
P5__2,83.21376679985471
P5__1,83.21376679985471
P3,83.21376679985471
P4__4,83.21376679985471
P4__3,83.21376679985471
P4__2,83.21376679985471
P4__1,83.21376679985471
P5__13,83.21376679985471
P5__14,83.21376679985471
P5__15,83.21376679985471
P5__98,83.21376679985471
P5__99,83.21376679985471
P5__12,83.21376679985471
Credit_exclusive_users,83.16382128586997
P1,82.9549582273883
P13_1,82.87322920450417
P8,82.87322920450417
P10,82.86868870323283
P2iv,82.86868870323283
P2iii,82.86868870323283
P2ii,82.86868870323283
P2i,82.86868870323283
P6,82.86868870323283
P7,82.86868870323283
P15__11,82.86868870323283
P15__1,82.86868870323283
P12__1,82.86868870323283
P15__8,82.86868870323283
P19,82.86868870323283
P17,82.86868870323283
P15__99,82.86868870323283
P15__98,82.86868870323283
P15__18,82.86868870323283
P15__17,82.86868870323283
P15__16,82.86868870323283
P15__15,82.86868870323283
P15__14,82.86868870323283
P15__13,82.86868870323283
P15__12,82.86868870323283
P15__10,82.86868870323283
P15__9,82.86868870323283
P15__7,82.86868870323283
P12__2,82.86868870323283
P15__6,82.86868870323283
P15__5,82.86868870323283
P15__4,82.86868870323283
P15__3,82.86868870323283
P15__2,82.86868870323283
P14_1,82.86868870323283
P14,82.86868870323283
P13,82.86868870323283
P12__7,82.86868870323283
P12__6,82.86868870323283
P12__5,82.86868870323283
P12__4,82.86868870323283
P12__3,82.86868870323283
P1_2,82.86868870323283
G1B4,82.6507446422085
E1iiR,82.33745005448601
NHIF_ONLY,82.27388303668725
R2E,81.83799491463859
K14__6,81.80621140573919
K14__2,81.80621140573919
K14__3,81.80621140573919
K14__4,81.80621140573919
K14__1,81.80621140573919
K14__7,81.80621140573919
K14__98,81.80621140573919
K14__99,81.80621140573919
K15,81.80621140573919
K14__5,81.80621140573919
E1viiR,81.79258990192517
E1iR,81.7835088993825
E1ixR,81.76988739556847
E1iiiR,81.76988739556847
E1viiiR,81.76988739556847
R2Di,81.71994188158372
K16__5,81.02978568834
K16__99,81.02978568834
K16__6,81.02978568834
K16__2,81.02978568834
K16__3,81.02978568834
K16__4,81.02978568834
K16__1,81.02978568834
K16__98,81.02978568834
K16__7,81.02978568834
K16__8,81.02978568834
D2_5,80.98892117689793
D8,80.98892117689793
D7,80.98892117689793
B1EF10,79.75844533236469
R1Cii,79.54958227388303
G1B1,79.22720668361787
M11B__98,79.06828913912096
M11B__2,79.06828913912096
M11B__99,79.06828913912096
M11B__7,79.06828913912096
M11B__3,79.06828913912096
M11B__4,79.06828913912096
M11B__5,79.06828913912096
M11B__6,79.06828913912096
M11B__1,79.06828913912096
K2__98,78.91845259716672
K2__99,78.91845259716672
K2__2,78.91845259716672
K2__13,78.91845259716672
K2__12,78.91845259716672
K2__11,78.91845259716672
K2__10,78.91845259716672
K2__9,78.91845259716672
K2__8,78.91845259716672
K2__7,78.91845259716672
K2__6,78.91845259716672
K2__5,78.91845259716672
K2__4,78.91845259716672
K2__3,78.91845259716672
K2__1,78.91845259716672
K1,78.91845259716672
D6,77.91046131492917
D3__99,77.91046131492917
D3__14,77.91046131492917
D3__17,77.91046131492917
D3__3,77.91046131492917
D3__4,77.91046131492917
D3__5,77.91046131492917
D3__6,77.91046131492917
D3__7,77.91046131492917
D3__8,77.91046131492917
D3__9,77.91046131492917
D3__10,77.91046131492917
D3__11,77.91046131492917
D3__12,77.91046131492917
D3__13,77.91046131492917
D3__15,77.91046131492917
D3__16,77.91046131492917
D3__1,77.91046131492917
D3__2,77.91046131492917
D3__18,77.91046131492917
D3__22,77.91046131492917
D4,77.91046131492917
D3__98,77.91046131492917
D3__26,77.91046131492917
D3__25,77.91046131492917
D3__24,77.91046131492917
D3__23,77.91046131492917
D3__21,77.91046131492917
D3__20,77.91046131492917
D3__19,77.91046131492917
M3__2,77.8241917907737
M3__99,77.8241917907737
M3__3,77.8241917907737
M7,77.8241917907737
M6,77.8241917907737
M8__1,77.8241917907737
M3__7,77.8241917907737
M3__8,77.8241917907737
M3__4,77.8241917907737
M3__5,77.8241917907737
M3__6,77.8241917907737
M8__3,77.8241917907737
M3__98,77.8241917907737
M8__2,77.8241917907737
M5,77.8241917907737
M8__4,77.8241917907737
M8__6,77.8241917907737
M3__1,77.8241917907737
M10,77.8241917907737
M8__5,77.8241917907737
B3D__99,74.74573192880494
U7B,74.44151834362513
E1_ii1,74.27351979658555
E1_ii2,74.27351979658555
infgp,74.24173628768615
N3,74.24173628768615
N12A,74.22357428260081
N8__7,74.22357428260081
N8__2,74.22357428260081
N8__3,74.22357428260081
N8__4,74.22357428260081
N8__5,74.22357428260081
N8__6,74.22357428260081
N12D,74.22357428260081
N8__8,74.22357428260081
N11,74.22357428260081
N7,74.22357428260081
N12E,74.22357428260081
N9,74.22357428260081
N8__1,74.22357428260081
N12B,74.22357428260081
N6,74.22357428260081
N4__98,74.22357428260081
N4__6,74.22357428260081
N4__5,74.22357428260081
N4__99,74.22357428260081
N4__1,74.22357428260081
N4__2,74.22357428260081
N4__3,74.22357428260081
N4__4,74.22357428260081
N12C,74.22357428260081
F2__11,73.27006901561933
F2__99,73.27006901561933
F2__98,73.27006901561933
F2__13,73.27006901561933
F2__12,73.27006901561933
F2__10,73.27006901561933
F2__9,73.27006901561933
F2__8,73.27006901561933
F2__7,73.27006901561933
F2__6,73.27006901561933
F2__5,73.27006901561933
F2__4,73.27006901561933
F2__3,73.27006901561933
F2__2,73.27006901561933
F2__1,73.27006901561933
E2Ci23,72.94315292408282
H13B__3,71.76716309480567
H13B__2,71.76716309480567
H13B__1,71.76716309480567
H13B__99,71.76716309480567
H13B__4,71.76716309480567
H13B__6,71.76716309480567
H13B__5,71.76716309480567
H13B__98,71.76716309480567
Q2b,71.24046494733018
Q7__11,70.89992735197967
Q7__3,70.89992735197967
Q7__4,70.89992735197967
Q7__5,70.89992735197967
Q7__6,70.89992735197967
Q7__7,70.89992735197967
Q7__8,70.89992735197967
Q7__9,70.89992735197967
Q7__10,70.89992735197967
Q7__12,70.89992735197967
Q9,70.89992735197967
Q7__1,70.89992735197967
Q7__13,70.89992735197967
Q7__14,70.89992735197967
Q7__15,70.89992735197967
Q7__16,70.89992735197967
Q7__17,70.89992735197967
Q7__18,70.89992735197967
Q7__98,70.89992735197967
Q7__99,70.89992735197967
Q7__2,70.89992735197967
Q2a__12,70.89992735197967
Q6,70.89992735197967
Q5,70.89992735197967
Q1__1,70.89992735197967
Q1__2,70.89992735197967
Q1__3,70.89992735197967
Q1__4,70.89992735197967
Q1__5,70.89992735197967
Q1__6,70.89992735197967
Q1__99,70.89992735197967
Q2a__1,70.89992735197967
Q2a__2,70.89992735197967
Q2a__3,70.89992735197967
Q2a__4,70.89992735197967
Q2a__5,70.89992735197967
Q2a__6,70.89992735197967
Q2a__7,70.89992735197967
Q2a__8,70.89992735197967
Q2a__9,70.89992735197967
Q2a__10,70.89992735197967
Q2a__11,70.89992735197967
Q2a__13,70.89992735197967
Q2a__14,70.89992735197967
Q2a__15,70.89992735197967
Q2a__16,70.89992735197967
Q2a__17,70.89992735197967
Q2a__98,70.89992735197967
Q2a__99,70.89992735197967
Q3,70.89992735197967
Q4,70.89992735197967
Q1__98,70.89992735197967
D5__7,70.63203777697058
D5__1,70.63203777697058
D5__2,70.63203777697058
D5__3,70.63203777697058
D5__4,70.63203777697058
D5__5,70.63203777697058
D5__6,70.63203777697058
D5__8,70.63203777697058
D5__9,70.63203777697058
D5__10,70.63203777697058
D5__11,70.63203777697058
D5__98,70.63203777697058
D5__99,70.63203777697058
filtermarriedwoman,70.13258263712314
H12,69.98728659644024
H10__4,69.98728659644024
H10__5,69.98728659644024
H5,69.98728659644024
H10__3,69.98728659644024
H1__16,69.98728659644024
H1__30,69.98728659644024
H1__29,69.98728659644024
H1__28,69.98728659644024
H1__27,69.98728659644024
H1__26,69.98728659644024
H1__25,69.98728659644024
H1__24,69.98728659644024
H1__23,69.98728659644024
H1__22,69.98728659644024
H1__21,69.98728659644024
H1__20,69.98728659644024
H1__19,69.98728659644024
H1__18,69.98728659644024
H1__17,69.98728659644024
H1__15,69.98728659644024
H1__32,69.98728659644024
H1__14,69.98728659644024
H1__12,69.98728659644024
H1__11,69.98728659644024
H1__10,69.98728659644024
H1__9,69.98728659644024
H1__8,69.98728659644024
H1__7,69.98728659644024
H1__6,69.98728659644024
H1__5,69.98728659644024
H1__4,69.98728659644024
H1__3,69.98728659644024
H1__2,69.98728659644024
H1__1,69.98728659644024
H10__2,69.98728659644024
H1__31,69.98728659644024
H1__13,69.98728659644024
H1__33,69.98728659644024
H7__5,69.98728659644024
H9__99,69.98728659644024
H9__98,69.98728659644024
H9__8,69.98728659644024
H9__7,69.98728659644024
H9__6,69.98728659644024
H9__5,69.98728659644024
H9__4,69.98728659644024
H9__3,69.98728659644024
H9__2,69.98728659644024
H9__1,69.98728659644024
H7__99,69.98728659644024
H7__8,69.98728659644024
H1__34,69.98728659644024
H7__6,69.98728659644024
H7__7,69.98728659644024
H7__4,69.98728659644024
H1__99,69.98728659644024
H1__35,69.98728659644024
H1__36,69.98728659644024
H1__37,69.98728659644024
H1__38,69.98728659644024
H1__39,69.98728659644024
H7__3,69.98728659644024
H1__98,69.98728659644024
H6,69.98728659644024
H7__1,69.98728659644024
H7__2,69.98728659644024
H10__1,69.98728659644024
E1xK,69.91917907737015
E1viiK,69.77388303668725
E1vK,69.76480203414457
E1iiiK,69.76480203414457
E1viiiK,69.76480203414457
E1ixK,69.76480203414457
E1viK,69.76480203414457
K12Transparency,69.73755902651652
K13__1,69.73755902651652
K13__7,69.73755902651652
K13__8,69.73755902651652
K13__6,69.73755902651652
K13__5,69.73755902651652
K12Other,69.73755902651652
K12Service_system_failure,69.73755902651652
K12Security,69.73755902651652
K13__4,69.73755902651652
K13__3,69.73755902651652
K13__2,69.73755902651652
Service_system_failure,68.6887032328369
Security,68.6887032328369
Transparency,68.6887032328369
Other,68.6887032328369
O2,68.18924809298946
O3__14,68.18924809298946
O5,68.18924809298946
O4,68.18924809298946
O3__99,68.18924809298946
O3__98,68.18924809298946
O3__15,68.18924809298946
O3__13,68.18924809298946
O3__1,68.18924809298946
O3__12,68.18924809298946
O3__11,68.18924809298946
O3__10,68.18924809298946
O3__8,68.18924809298946
O3__7,68.18924809298946
O3__6,68.18924809298946
O3__5,68.18924809298946
O3__4,68.18924809298946
O3__3,68.18924809298946
O3__2,68.18924809298946
O3__9,68.18924809298946
S5__2,67.17217580820922
S4,67.17217580820922
S5__3,67.17217580820922
S5__4,67.17217580820922
S5__5,67.17217580820922
S5__6,67.17217580820922
S5__7,67.17217580820922
S5__1,67.17217580820922
E2D__7,66.35034507809662
E2D__9,66.35034507809662
E2D__5,66.35034507809662
E2D__6,66.35034507809662
E2D__8,66.35034507809662
E2D__13,66.35034507809662
E2D__10,66.35034507809662
E2D__11,66.35034507809662
E2D__12,66.35034507809662
E2D__3,66.35034507809662
E2D__14,66.35034507809662
E2D__4,66.35034507809662
E2D__17,66.35034507809662
E2D__2,66.35034507809662
E2D__1,66.35034507809662
E2Cii,66.35034507809662
E2D__16,66.35034507809662
E2D__18,66.35034507809662
E2D__19,66.35034507809662
E2D__20,66.35034507809662
E2D__98,66.35034507809662
E2D__99,66.35034507809662
E2E,66.35034507809662
E2D__15,66.35034507809662
B2C,62.958590628405375
Credit_exclusive_users2,61.51471122411915
K21,61.460225208863065
G1B5,60.960770069015624
noofloans_new,60.05266981474755
U20,58.626952415546675
U21__1,58.626952415546675
U21__2,58.626952415546675
U21__3,58.626952415546675
U21__4,58.626952415546675
U21__5,58.626952415546675
U21__6,58.626952415546675
U21__7,58.626952415546675
U21__8,58.626952415546675
U21__9,58.626952415546675
U21__10,58.626952415546675
U21__99,58.626952415546675
filterwoman,56.95604794769342
C1_19,56.6609153650563
B3F,56.65637486378496
F1B,55.675626589175444
F1A,55.2533599709408
R3G,54.38158372684344
G1B7,51.7435524881947
A23,47.63439883763168
defaultloan,47.29840174355249
E2A,44.61950599346168
On_time_borrowers,44.57410098074828
Late_payer_borrowers,44.57410098074828
Defaulted_borrowers,44.57410098074828
E2B1,44.5650199782056
E2Ci__3,44.5650199782056
E2B3,44.5650199782056
E2B4,44.5650199782056
E2B5,44.5650199782056
E2B6,44.5650199782056
E2Ci__1,44.5650199782056
E2Ci__2,44.5650199782056
E2Ci__4,44.5650199782056
E2F__10,44.5650199782056
E2Ci__5,44.5650199782056
E2F__11,44.5650199782056
E2F__12,44.5650199782056
E2F__13,44.5650199782056
E2F__98,44.5650199782056
E2F__99,44.5650199782056
E2F__9,44.5650199782056
E2F__8,44.5650199782056
E2F__7,44.5650199782056
E2F__6,44.5650199782056
E2F__5,44.5650199782056
E2F__3,44.5650199782056
E2F__2,44.5650199782056
E2F__1,44.5650199782056
E2Ci__99,44.5650199782056
E2Ci__98,44.5650199782056
E2F__4,44.5650199782056
E2B2,44.5650199782056
Classification_A_Meeting_goals,43.997457319288046
Classification_A_Meeting_goals_new,43.997457319288046
U24d,43.080276062477296
R3F,42.43552488194697
R3C__22,42.381038866690886
R3C__1,42.381038866690886
R3C__2,42.381038866690886
R3C__4,42.381038866690886
R3C__5,42.381038866690886
R3C__6,42.381038866690886
R3C__7,42.381038866690886
R3C__8,42.381038866690886
R3C__9,42.381038866690886
R3C__10,42.381038866690886
R3C__11,42.381038866690886
R3C__12,42.381038866690886
R3C__13,42.381038866690886
R3C__14,42.381038866690886
R3C__15,42.381038866690886
R3C__16,42.381038866690886
R3C__17,42.381038866690886
R3C__18,42.381038866690886
R3C__19,42.381038866690886
R3C__20,42.381038866690886
R3C__21,42.381038866690886
R3C__23,42.381038866690886
R3C__24,42.381038866690886
R3C__98,42.381038866690886
R3C__99,42.381038866690886
R3B,42.381038866690886
R3E,42.381038866690886
Classification_A_Liquidity_new,35.9698510715583
Classification_A_Liquidity,35.9698510715583
R1D,35.95168906647294
R1Ci__12,35.95168906647294
R1Ci__5,35.95168906647294
R1Ci__4,35.95168906647294
R1Ci__3,35.95168906647294
R1Ci__2,35.95168906647294
R1Ci__7,35.95168906647294
R1Ci__1,35.95168906647294
R1B,35.95168906647294
R1Ci__8,35.95168906647294
R1Ci__9,35.95168906647294
R1Ci__10,35.95168906647294
R1Ci__11,35.95168906647294
R1Ci__14,35.95168906647294
R1Ci__13,35.95168906647294
R1Ci__98,35.95168906647294
R1Ci__15,35.95168906647294
R1Ci__16,35.95168906647294
R1Ci__17,35.95168906647294
R1Ci__18,35.95168906647294
R1Ci__19,35.95168906647294
R1Ci__21,35.95168906647294
R1Ci__22,35.95168906647294
R1Ci__23,35.95168906647294
R1Ci__24,35.95168906647294
R1Ci__25,35.95168906647294
R1Ci__99,35.95168906647294
R1Ci__20,35.95168906647294
R1Ci__6,35.95168906647294
Classification_A_Resilience_new,31.533781329458773
Classification_A_Resilience,31.533781329458773
R2C__15,31.25227025063567
R2C__3,31.25227025063567
R2C__4,31.25227025063567
R2C__5,31.25227025063567
R2C__6,31.25227025063567
R2C__7,31.25227025063567
R2C__8,31.25227025063567
R2C__9,31.25227025063567
R2C__10,31.25227025063567
R2C__11,31.25227025063567
R2C__12,31.25227025063567
R2C__13,31.25227025063567
R2C__14,31.25227025063567
R2C__17,31.25227025063567
R2C__16,31.25227025063567
R2C__1,31.25227025063567
R2C__18,31.25227025063567
R2C__19,31.25227025063567
R2C__21,31.25227025063567
R2C__22,31.25227025063567
R2C__23,31.25227025063567
R2C__24,31.25227025063567
R2C__25,31.25227025063567
R2C__26,31.25227025063567
R2C__27,31.25227025063567
R2C__98,31.25227025063567
R2C__99,31.25227025063567
R2C__2,31.25227025063567
R2C__20,31.25227025063567
R2B,31.25227025063567
R2Ai__1,31.25227025063567
R2Ai__9,31.25227025063567
R2Ai__3,31.25227025063567
R2Ai__2,31.25227025063567
R2Ai__4,31.25227025063567
R2Ai__5,31.25227025063567
R2Ai__6,31.25227025063567
R2Ai__7,31.25227025063567
R2Ai__8,31.25227025063567
K11,30.58935706501998
H1B__12,30.21249545949873
H1B__98,30.21249545949873
H1B__99,30.21249545949873
H1B__3,30.21249545949873
H1B__6,30.21249545949873
H1B__11,30.21249545949873
H1B__10,30.21249545949873
H1B__9,30.21249545949873
H1B__8,30.21249545949873
H1B__7,30.21249545949873
H1B__17,30.21249545949873
H1B__5,30.21249545949873
H1B__16,30.21249545949873
H1B__4,30.21249545949873
H1B__18,30.21249545949873
H1B__21,30.21249545949873
H1B__14,30.21249545949873
H1B__19,30.21249545949873
H1B__20,30.21249545949873
H1B__15,30.21249545949873
H1B__2,30.21249545949873
H1B__1,30.21249545949873
H1A,30.21249545949873
H1B__13,30.21249545949873
B3C,29.168180167090448
D1C__10,27.34289865601162
D1C__5,27.34289865601162
D1C__9,27.34289865601162
D1C__8,27.34289865601162
D1C__11,27.34289865601162
D1C__12,27.34289865601162
D1C__6,27.34289865601162
D1C__98,27.34289865601162
D1C__7,27.34289865601162
D1C__4,27.34289865601162
D1C__3,27.34289865601162
D1C__2,27.34289865601162
D1C__1,27.34289865601162
D1C__99,27.34289865601162
F3__15,26.79349800217944
F3__23,26.79349800217944
F3__22,26.79349800217944
F3__21,26.79349800217944
F3__24,26.79349800217944
F3__20,26.79349800217944
F3__19,26.79349800217944
F3__18,26.79349800217944
F3__17,26.79349800217944
F3__16,26.79349800217944
F3__4,26.79349800217944
F3__14,26.79349800217944
F3__13,26.79349800217944
F3__12,26.79349800217944
F3__11,26.79349800217944
F3__3,26.79349800217944
F3__10,26.79349800217944
F3__9,26.79349800217944
F3__8,26.79349800217944
F3__7,26.79349800217944
F3__99,26.79349800217944
F3__1,26.79349800217944
F3__2,26.79349800217944
F3__5,26.79349800217944
F3__98,26.79349800217944
F3__6,26.79349800217944
tot_saving,26.15782782419179
N2__11,26.080639302579005
N2__4,26.080639302579005
N2__99,26.080639302579005
N2__98,26.080639302579005
N2__1,26.080639302579005
N2__2,26.080639302579005
N2__3,26.080639302579005
N2__5,26.080639302579005
N2__10,26.080639302579005
N2__6,26.080639302579005
N2__9,26.080639302579005
N1,26.080639302579005
N2__7,26.080639302579005
N2__8,26.080639302579005
M1,22.480021794406102
M2,22.480021794406102
D1A,22.134943697784234
K5i,21.66727206683618
K4__5,21.363058481656374
K4__99,21.363058481656374
K4__98,21.363058481656374
K4__6,21.363058481656374
K4__3,21.363058481656374
K4__4,21.363058481656374
K4__2,21.363058481656374
K3__2,21.363058481656374
K3__1,21.363058481656374
K12__8,21.363058481656374
K19,21.363058481656374
K4__1,21.363058481656374
K12__7,21.363058481656374
K7,21.363058481656374
K12__3,21.363058481656374
K10__2,21.363058481656374
K10__3,21.363058481656374
K10__4,21.363058481656374
K10__5,21.363058481656374
K10__98,21.363058481656374
K10__99,21.363058481656374
K8,21.363058481656374
K12__1,21.363058481656374
K9,21.363058481656374
K12__2,21.363058481656374
K12__4,21.363058481656374
K12__5,21.363058481656374
K12__6,21.363058481656374
K10__1,21.363058481656374
Nomedical,21.17235742826008
education_anyHH,18.102978568834
education,18.102978568834
C3_2,15.70105339629495
C3_1,15.70105339629495
education_femHH,12.018706865237922
meet_Financial,10.997094079186343
S2__5,10.275154377043226
S2__4,10.275154377043226
S2__1,10.275154377043226
J1__3,9.575917181256811
J1__10,9.575917181256811
J1__99,9.575917181256811
J1__4,9.575917181256811
J1__1,9.575917181256811
J1__2,9.575917181256811
J1__6,9.575917181256811
J1__98,9.575917181256811
J1__15,9.575917181256811
J1__11,9.575917181256811
J1__12,9.575917181256811
J1__13,9.575917181256811
J1__9,9.575917181256811
J1__8,9.575917181256811
J1__7,9.575917181256811
J1__5,9.575917181256811
J1__14,9.575917181256811
D1i__1,9.05375953505267
D1i__3,9.05375953505267
D1i__4,9.05375953505267
D1i__5,9.05375953505267
D1i__6,9.05375953505267
D1i__7,9.05375953505267
D1i__8,9.05375953505267
D1i__9,9.05375953505267
D1i__10,9.05375953505267
D1i__11,9.05375953505267
D1i__12,9.05375953505267
D1i__13,9.05375953505267
D1i__98,9.05375953505267
D1i__99,9.05375953505267
D1i__2,9.05375953505267
agegroup2022,5.062658917544497
F2D__8,2.283872139484199
F2D__98,2.283872139484199
F2D__1,2.283872139484199
F2D__2,2.283872139484199
F2D__3,2.283872139484199
F2D__4,2.283872139484199
F2D__5,2.283872139484199
F2D__6,2.283872139484199
F2D__7,2.283872139484199
F2D__9,2.283872139484199
F2D__10,2.283872139484199
F2D__11,2.283872139484199
F2D__12,2.283872139484199
F2D__99,2.283872139484199
T8,2.188521612786052
T9,2.188521612786052
T4,1.7390119869233562
T5,1.7390119869233562
U24c,1.5483109335270613
incomegp_new,0.5948056665455866
U22__4,0.31783508899382495
U22__3,0.31783508899382495
U22__2,0.31783508899382495
U22__1,0.31783508899382495
U3,0.31783508899382495
U23,0.31783508899382495
U24a,0.31783508899382495
U4,0.31783508899382495
w_index,0.31783508899382495
U18A,0.31783508899382495
U18B,0.31783508899382495
U18C,0.31783508899382495
wallcomp3,0.31783508899382495
U18D,0.31783508899382495
wallcomp2,0.31783508899382495
wallcomp1,0.31783508899382495
U10comp,0.31783508899382495
quintile,0.31783508899382495
U18E,0.31783508899382495
U19,0.31783508899382495
U24b,0.31783508899382495
new_wealth,0.31783508899382495
floorcomp2,0.31783508899382495
U16__10,0.31783508899382495
U16__8,0.31783508899382495
U16__7,0.31783508899382495
U16__6,0.31783508899382495
U16__5,0.31783508899382495
U16__4,0.31783508899382495
U16__3,0.31783508899382495
U16__2,0.31783508899382495
U16__1,0.31783508899382495
U15,0.31783508899382495
U14b,0.31783508899382495
U14a,0.31783508899382495
U13,0.31783508899382495
U12,0.31783508899382495
U11,0.31783508899382495
U10,0.31783508899382495
U9,0.31783508899382495
U8,0.31783508899382495
U7A,0.31783508899382495
U6,0.31783508899382495
U9comp,0.31783508899382495
U1,0.31783508899382495
floorcomp1,0.31783508899382495
U16__9,0.31783508899382495
U16__13,0.31783508899382495
U16__12,0.31783508899382495
U17v,0.31783508899382495
U17iv,0.31783508899382495
U17iii,0.31783508899382495
U17ii,0.31783508899382495
U17i,0.31783508899382495
U16__19,0.31783508899382495
U16__18,0.31783508899382495
U16__17,0.31783508899382495
U16__16,0.31783508899382495
U16__15,0.31783508899382495
U16__14,0.31783508899382495
U5,0.31783508899382495
U16__11,0.31783508899382495
T2,0.31329458772248453
T3,0.31329458772248453
R3A,0.31329458772248453
S1,0.31329458772248453
S3,0.31329458772248453
T1,0.31329458772248453
R2A__6,0.3087540864511442
R2A__1,0.3087540864511442
R2A__4,0.3087540864511442
R2A__5,0.3087540864511442
R2A__8,0.3087540864511442
R2A__7,0.3087540864511442
R2A__9,0.3087540864511442
R2A__2,0.3087540864511442
R2A__3,0.3087540864511442
R1A,0.30421358517980385
O1,0.30421358517980385
G1A7__9,0.0726480203414457
G1A7__10,0.0726480203414457
G1A4__4,0.0726480203414457
G1A5__16,0.0726480203414457
G1A2__2,0.0726480203414457
G1A6__2,0.0726480203414457
G1A2__3,0.0726480203414457
G1A6__1,0.0726480203414457
G1A7__12,0.0726480203414457
G1A5__99,0.0726480203414457
G1A5__98,0.0726480203414457
G1A5__18,0.0726480203414457
G1A2__4,0.0726480203414457
G1A5__17,0.0726480203414457
G1A2__5,0.0726480203414457
G1A2__6,0.0726480203414457
G1A2__1,0.0726480203414457
G1A5__15,0.0726480203414457
G1A5__14,0.0726480203414457
G1A2__7,0.0726480203414457
G1A2__8,0.0726480203414457
G1A2__9,0.0726480203414457
G1A2__10,0.0726480203414457
G1A2__11,0.0726480203414457
G1A2__12,0.0726480203414457
G1A2__13,0.0726480203414457
G1A2__14,0.0726480203414457
G1A2__15,0.0726480203414457
G1A6__3,0.0726480203414457
G1A6__4,0.0726480203414457
G1A5__12,0.0726480203414457
G1A1__8,0.0726480203414457
G1A6__8,0.0726480203414457
G1A6__7,0.0726480203414457
G1A1__1,0.0726480203414457
G1A6__6,0.0726480203414457
G1A1__2,0.0726480203414457
G1A1__3,0.0726480203414457
G1A6__5,0.0726480203414457
G1A1__4,0.0726480203414457
G1A1__5,0.0726480203414457
G1A1__6,0.0726480203414457
G1A1__7,0.0726480203414457
G1A7__11,0.0726480203414457
G1A1__99,0.0726480203414457
G1A1__9,0.0726480203414457
G1A1__10,0.0726480203414457
G1A1__11,0.0726480203414457
G1A1__12,0.0726480203414457
G1A1__13,0.0726480203414457
G1A1__14,0.0726480203414457
G1A1__15,0.0726480203414457
G1A1__16,0.0726480203414457
G1A1__17,0.0726480203414457
G1A1__18,0.0726480203414457
G1A1__98,0.0726480203414457
G1A2__16,0.0726480203414457
G1A2__17,0.0726480203414457
G1A2__18,0.0726480203414457
G1A4__18,0.0726480203414457
G1A4__7,0.0726480203414457
G1A4__8,0.0726480203414457
G1A4__9,0.0726480203414457
G1A4__10,0.0726480203414457
G1A4__11,0.0726480203414457
G1A4__12,0.0726480203414457
G1A4__13,0.0726480203414457
G1A4__14,0.0726480203414457
G1A4__15,0.0726480203414457
G1A4__16,0.0726480203414457
G1A4__17,0.0726480203414457
G1A4__98,0.0726480203414457
G1A2__98,0.0726480203414457
G1A4__99,0.0726480203414457
G1A5__1,0.0726480203414457
G1A5__2,0.0726480203414457
G1A5__3,0.0726480203414457
G1A5__4,0.0726480203414457
G1A5__5,0.0726480203414457
G1A5__6,0.0726480203414457
G1A5__7,0.0726480203414457
G1A5__8,0.0726480203414457
G1A5__9,0.0726480203414457
G1A5__10,0.0726480203414457
G1A4__6,0.0726480203414457
G1A4__5,0.0726480203414457
G1A5__13,0.0726480203414457
G1A4__3,0.0726480203414457
G1A2__99,0.0726480203414457
G1A3__1,0.0726480203414457
G1A3__2,0.0726480203414457
G1A3__3,0.0726480203414457
G1A3__4,0.0726480203414457
G1A3__5,0.0726480203414457
G1A3__6,0.0726480203414457
G1A3__7,0.0726480203414457
G1A3__8,0.0726480203414457
G1A3__9,0.0726480203414457
G1A3__10,0.0726480203414457
G1A3__11,0.0726480203414457
G1A3__12,0.0726480203414457
G1A3__13,0.0726480203414457
G1A3__14,0.0726480203414457
G1A3__15,0.0726480203414457
G1A3__16,0.0726480203414457
G1A3__17,0.0726480203414457
G1A3__18,0.0726480203414457
G1A3__98,0.0726480203414457
G1A3__99,0.0726480203414457
G1A4__1,0.0726480203414457
G1A4__2,0.0726480203414457
G1A6__9,0.0726480203414457
G1A5__11,0.0726480203414457
G1A9__4,0.0726480203414457
G1A8__12,0.0726480203414457
G1A8__18,0.0726480203414457
G1A8__17,0.0726480203414457
G1A8__16,0.0726480203414457
G1A8__15,0.0726480203414457
G1A8__14,0.0726480203414457
G1A8__13,0.0726480203414457
G1A8__11,0.0726480203414457
G1A9__17,0.0726480203414457
G1A8__10,0.0726480203414457
G1A8__9,0.0726480203414457
G1A8__8,0.0726480203414457
G1A8__7,0.0726480203414457
G1A7__1,0.0726480203414457
G1A6__99,0.0726480203414457
G1A8__98,0.0726480203414457
G1A8__99,0.0726480203414457
G1A9__1,0.0726480203414457
G1A9__2,0.0726480203414457
G1A9__3,0.0726480203414457
G1A9__18,0.0726480203414457
G1A9__5,0.0726480203414457
G1A9__6,0.0726480203414457
G1A9__7,0.0726480203414457
G1A9__8,0.0726480203414457
G1A9__9,0.0726480203414457
G1A9__10,0.0726480203414457
G1A9__11,0.0726480203414457
G1A9__12,0.0726480203414457
G1A9__13,0.0726480203414457
G1A9__14,0.0726480203414457
G1A9__15,0.0726480203414457
G1A6__98,0.0726480203414457
G1A6__18,0.0726480203414457
G1A6__17,0.0726480203414457
G1A7__17,0.0726480203414457
G1A7__8,0.0726480203414457
G1A7__13,0.0726480203414457
G1A7__14,0.0726480203414457
G1A7__15,0.0726480203414457
G1A7__7,0.0726480203414457
G1A7__6,0.0726480203414457
G1A7__5,0.0726480203414457
G1A7__4,0.0726480203414457
G1A7__3,0.0726480203414457
G1A7__2,0.0726480203414457
G2,0.0726480203414457
G1A9__99,0.0726480203414457
G1A9__98,0.0726480203414457
G1A7__16,0.0726480203414457
G1A7__18,0.0726480203414457
G1A6__16,0.0726480203414457
G1A7__98,0.0726480203414457
G1A7__99,0.0726480203414457
G1A8__1,0.0726480203414457
G1A8__2,0.0726480203414457
G1A6__10,0.0726480203414457
G1A6__11,0.0726480203414457
G1A8__3,0.0726480203414457
G1A8__4,0.0726480203414457
G1A6__12,0.0726480203414457
G1A8__5,0.0726480203414457
G1A8__6,0.0726480203414457
G1A6__13,0.0726480203414457
G1A6__14,0.0726480203414457
G1A6__15,0.0726480203414457
G1A9__16,0.0726480203414457
F2A__4,0.06810751907010534
F2A__2,0.06810751907010534
F2A__1,0.06810751907010534
F2A__3,0.06810751907010534
F1__3,0.06356701779876499
F1__2,0.06356701779876499
F1__1,0.06356701779876499
E3A__3,0.05448601525608428
E3A__4,0.05448601525608428
E3A__2,0.05448601525608428
E3A__6,0.05448601525608428
E3A__1,0.05448601525608428
E3A__5,0.05448601525608428
E1,0.04540501271340356
C1_48,0.031783508899382494
C5,0.031783508899382494
C4,0.031783508899382494
C1_53,0.031783508899382494
C1_49,0.031783508899382494
C1_52,0.031783508899382494
C1_50,0.031783508899382494
C1_51,0.031783508899382494
C1_39,0.02724300762804214
C1_47,0.02724300762804214
C1_38,0.02724300762804214
C1_41,0.02724300762804214
C1_40,0.02724300762804214
C1_42,0.02724300762804214
C1_43,0.02724300762804214
C1_44,0.02724300762804214
C1_45,0.02724300762804214
C1_46,0.02724300762804214
C1_36,0.02270250635670178
C1_35,0.02270250635670178
C1_37,0.02270250635670178
C1_34,0.018162005085361425
C1_33,0.018162005085361425
C1_32,0.018162005085361425
C1_31,0.018162005085361425
C1_30,0.018162005085361425
C1_29,0.018162005085361425
C1_28,0.018162005085361425
C1_22,0.01362150381402107
C1_23,0.01362150381402107
C1_26,0.01362150381402107
C1_10,0.01362150381402107
C1_11,0.01362150381402107
C1_12,0.01362150381402107
C1_13,0.01362150381402107
C1_14,0.01362150381402107
C1_9,0.01362150381402107
C1_16,0.01362150381402107
C1_17,0.01362150381402107
C1_18,0.01362150381402107
C1_20,0.01362150381402107
C1_21,0.01362150381402107
C1_27,0.01362150381402107
C1_15,0.01362150381402107
C1_24,0.01362150381402107
C1_25,0.01362150381402107
a1comp9,0.0
Bus_Matatu,0.0
probability_pov_npl,0.0
score_npl_total,0.0
Cryptourrency_bitcoin_Etherium,0.0
Community_currencies,0.0
In_kind_noncashnoncash,0.0
Courier,0.0
a1comp2,0.0
poor_bottom_60,0.0
a1comp19,0.0
score_cutoff_60,0.0
a1comp20,0.0
International_mobile_transfer,0.0
a1comp1,0.0
a1comp4,0.0
a1comp3,0.0
a1comp8,0.0
a1comp18,0.0
a1comp17,0.0
a1comp5,0.0
a1comp6,0.0
a1comp7,0.0
a1comp16,0.0
a1comp15,0.0
a1comp14,0.0
a1comp13,0.0
a1comp12,0.0
a1comp11,0.0
a1comp10,0.0
Money_transfer_service,0.0
A_mobile_banking_account,0.0
Hawala,0.0
woman1549,0.0
Self_employed_casual_worker,0.0
Poorest_60Percent,0.0
poor_bottom_40,0.0
Northern_Kenya,0.0
mse,0.0
adults,0.0
NHIFMedical_Cat,0.0
NHIF_health_insurance,0.0
formal_banked2022,0.0
allotherformal_banked2022,0.0
excluded_informal_new2022,0.0
mobileonly_new2022,0.0
formal_new2022,0.0
gone_without_med,0.0
woman_married,0.0
Credit_or_Debit_card,0.0
classification_BaseCounts,0.0
sellasset,0.0
spends50ormore,0.0
informal_sector,0.0
healthinsurance,0.0
Resilience_Need,0.0
Poorest_20Percent,0.0
bank_transfer,0.0
Post_office,0.0
mobile_bank_account,0.0
all_loans,0.0
Paybill_TillNUmber,0.0
Cashoption,0.0
Chequeoption,0.0
a1comp21,0.0
a1comp22,0.0
a1comp23,0.0
score_NPL_q2,0.0
towelcomp2,0.0
towelcomp1,0.0
Borrowing_prevalence3,0.0
score_NPL_q6,0.0
bananacomp2,0.0
bananacomp1,0.0
score_NPL_q5,0.0
meatcomp2,0.0
meatcomp1,0.0
score_NPL_q4,0.0
breadcomp2,0.0
breadcomp1,0.0
score_NPL_q3,0.0
education_anyHHcomp5,0.0
education_anyHHcomp4,0.0
education_anyHHcomp3,0.0
education_anyHHcomp2,0.0
score_NPL_q7,0.0
thermoscomp1,0.0
thermoscomp2,0.0
Informal_only_credit_users2,0.0
NotFormal_non_digital_only,0.0
score_cutoff_40,0.0
poor_bottom_20,0.0
score_cutoff_20,0.0
score_NPL_q10,0.0
Formal_non_digital_only,0.0
non_Informal_only_credit_users2,0.0
non_Informal_only_credit_users,0.0
score_NPL_q8,0.0
Informal_only_credit_users,0.0
NotFormal_digital_credit_only_users,0.0
score_NPL_q9,0.0
Formal_digital_credit_only_users,0.0
E2B_combined,0.0
any_defaulter,0.0
Borrowing_prevalence4,0.0
education_anyHHcomp1,0.0
education_femHHcomp5,0.0
a1comp24,0.0
education_femHHcomp4,0.0
a1comp34,0.0
loan_Traditional,0.0
a1comp33,0.0
Borrowing_prevalence2,0.0
a1comp32,0.0
a1comp31,0.0
a1comp30,0.0
a1comp29,0.0
a1comp28,0.0
a1comp27,0.0
a1comp26,0.0
Nairobi_Urban_Rural,0.0
Borrowing_prevalence,0.0
wealth_quint_ppi,0.0
poor_bottom_80,0.0
score_cutoff_80,0.0
a1comp25,0.0
defaulted1234,0.0
a1comp35,0.0
a1comp36,0.0
a1comp45,0.0
education_femHHcomp3,0.0
education_femHHcomp2,0.0
education_femHHcomp1,0.0
received1,0.0
score_NPL_q1,0.0
a1comp47,0.0
a1comp46,0.0
a1comp44,0.0
a1comp37,0.0
sent1,0.0
a1comp43,0.0
a1comp42,0.0
a1comp41,0.0
a1comp40,0.0
a1comp39,0.0
a1comp38,0.0
Farmers,0.0
County,0.0
youth1830,0.0
C1_4,0.0
cluster_type,0.0
gender,0.0
HhWeights,0.0
IndWeight,0.0
ClusterNo,0.0
C1_8,0.0
C1_7,0.0
C1_6,0.0
C1_5,0.0
C1_3,0.0
B3A__3,0.0
C1_2,0.0
C1_1,0.0
B3I,0.0
B3B,0.0
B3A__9,0.0
B3A__8,0.0
B3A__7,0.0
B3A__6,0.0
B3A__5,0.0
agegroup,0.0
marital,0.0
savings_formal,0.0
savings_informal,0.0
pension_usage,0.0
nssf_usage,0.0
nhif_usage,0.0
bank_usage2,0.0
bank_usage3,0.0
bank_usage1,0.0
bank_usage,0.0
mobile,0.0
defaulted,0.0
savings_formal2,0.0
savings_mmoney_2,0.0
savings_mbanking_2,0.0
loan_app_2,0.0
loan_fuliza_2,0.0
loan_mbanking_2,0.0
loan_formal_2,0.0
loan_informal,0.0
loan_formal,0.0
savings_excluded,0.0
B3A__4,0.0
B3A__2,0.0
combine_informal,0.0
A20,0.0
B1B4,0.0
B1B3,0.0
B1B2,0.0
B1B1,0.0
B1A,0.0
A25,0.0
A24,0.0
A22,0.0
A21,0.0
A19,0.0
B3A__1,0.0
A18,0.0
A17,0.0
A15,0.0
A14vi,0.0
A14v,0.0
A10i,0.0
A9i,0.0
A9,0.0
HHNo,0.0
B1B5,0.0
B1C1,0.0
B1C2,0.0
B1C3,0.0
B2G,0.0
B2F,0.0
B2E,0.0
B2D,0.0
B2B,0.0
B2A,0.0
B1K,0.0
B1H_I,0.0
B1G,0.0
B1EF8,0.0
B1EF7,0.0
B1EF6,0.0
B1EF5,0.0
B1EF4,0.0
B1EF3,0.0
B1EF2,0.0
B1EF1,0.0
B1D,0.0
B1C4,0.0
pension_usage_2,0.0
mobile_bank_usage,0.0
mobile_money_usage,0.0
digital_store,0.0
cashonly,0.0
paidlate,0.0
currentloan,0.0
youth,0.0
advanced_dfs,0.0
mobile_money_active,0.0
mobile_money_access,0.0
digital_adv,0.0
digital_acc_active,0.0
active_full_service,0.0
digital_acc,0.0
full_service_acc,0.0
mobile_own,0.0
mobile_access,0.0
risk_cope,0.0
risk,0.0
finhealth,0.0
invest_score,0.0
invest,0.0
manage_day2day,0.0
noncash,0.0
didnotdothis,0.0
cash_payments,0.0
incomegpnew,0.0
combine_C1_11_C1_27,0.0
combine_C1_12_C1_13,0.0
credit_Inst,0.0
received_sent,0.0
informal2,0.0
age70,0.0
age55,0.0
internet,0.0
someone_else,0.0
shock,0.0
A17new,0.0
mobile_bank_usage1,0.0
overlap_ever,0.0
access_ever,0.0
informal_ever,0.0
formal_other_ever,0.0
formal_registered_ever,0.0
formal_non_prudential_ever,0.0
formal_prudential_ever,0.0
manage_day2day1,0.0
finhealthscore,0.0
mfhi_33,0.0
access,0.0
formal_other,0.0
formal_registered,0.0
formal_non_prudential,0.0
formal_prudential,0.0
infgp_overall_usage,0.0
infgp_usage,0.0
investment_usage,0.0
online_curr,0.0
sacco_usage,0.0
mfi_usage,0.0
mfi_amfi_1,0.0
nonmfb_usage,0.0
tot_formal_non_digit_loan_sav,0.0
tot_formal_digit_loan_sav,0.0
formal_non_digital_loan,0.0
formal_digital_loan,0.0
formal_non_digital_sav,0.0
formal_digital_sav,0.0
digital_app_loan,0.0
informal,0.0
overlap,0.0
mfhi_32,0.0
dts_usage,0.0
mfhi_31,0.0
mfhi_23,0.0
mfhi_22,0.0
mfhi_21,0.0
mfhi_13,0.0
mfhi_11,0.0
mfhi_12,0.0
portfolio,0.0
prodsum1,0.0
incomegp,0.0
vul_index,0.0
NHM,0.0
livelihoodcat,0.0
Digital_credit,0.0
Post_bank_users,0.0
Commercial_Bank_users,0.0
Traditional_bank_users,0.0
filt,0.0
non_dts,0.0
financially_excluded,0.0
